merged_differs_from_both	gml_GlobalScript_scr_84_init_localization	da9b8c95441dbaa88cb81f3da7738dcc230e1aa557a137753563e3fab0d95c91	f62dc95cb4b954598d905e11cc95d6adc4ad8e7639b648c427772a9fec122a32	8d125eb20fb5da8f1b6c08a93c4b87ee811de01bea3e4a7796875ca01955df9f
merged_differs_from_both	gml_GlobalScript_scr_84_lang_load	c11f930377de555869974f850627eaee0c484e873d1378b89ac3347d024e1601	01a511f35abed62e4826adc33c0cb8e6a87440aaeed0fed56f3fe34d3e5126ab	c1254e5ebe1905289e815557226a18775d47204f01ef0d789825bfb6d5ac5cbf
merged_differs_from_both	gml_Object_DEVICE_MENU_Draw_0	3c0c715e77d968b4fb51d88d4d081bccb85cc0863acb7d7d37a1ec1cd801e61c	b29dce8d91c5ceb12685658d76d65722edd00ad36794c399578f0aac7dc15556	c9ca46bb6daf5d794b875eea3ca5917bd043164b54af6931c6c4ee81584147e6
merged_differs_from_both	gml_Object_obj_84_lang_helper_Create_0	19778ffa6b513885458b6b44152f6ffc186704f2fca91ebe52a8d5ca4600bf87	00b53286c8037099b5888711755798979a81af47739ddc3b85cded30bed4dae9	8c470046bcfbab61ea2c81b593df103f709b919a37c5a5e20e13b3b65cc6d554
merged_differs_from_both	gml_Object_obj_chapter_continue_Create_0	13400005cf247b7b90ec43ee9469333ba3b5c5013ba0664927f4909e21d1bf3f	6f46e62d00eec1ff75c950302a43fc9b68cdebdd67427aed979f1a4d349477ec	68720f040e3f9acf49da41a8aa53290566f79983fbe6214e125891ca8f348f07
merged_differs_from_both	gml_Object_obj_dw_rhythm_scroller_Create_0	63002a4a00a6810d7651eea76333e722a9eb2ea01c6619d5a92bcbb34d8d85e0	e8976f8322b5ad0ce98177fc0d58eb5978956b3a3d60ebfad44a96d11c2d7052	17beccd9afa8617e11c33b20425dd78007116b8860de639e57b2feab80bd9fa3
merged_differs_from_both	gml_Object_obj_fusionmenu_Create_0	3d5919592a0e59dd411a9158f6c8def6b0bc23a251249731183572b672ea615a	76928e8e2d7dc781e927b27ba0145e2858f97ecae6c084802c01ba5bd41fb3fa	f938180173081456767939a83515d95d71ef4ba0f9433f147ddc8b14e8885acd
merged_differs_from_both	gml_Object_obj_initializer2_Create_0	6d3a78ebc0b247fe295ad5fb4c02b9c7f726e10a6421def7b6dd80839591b078	1d4dd127f87408642a4a2b8de8ad3ec13b197d0dcc2799410f23d6eecf688cf4	189bdbac4b01eee13016c723bc62483f75ecbfd42e20c54a5e4b96e6bfba1098
merged_differs_from_both	gml_Object_obj_minigame_evaluation_Create_0	20c6e8dba927444d87795a4e8e394989d3c17cc71ba03bd2f229a2f978e7ac1d	a5dc6313fd6fc5cdad87185744c05ad5b7e106374a89ffbdeb1b4e1433d8d65a	bcff9c99be4f53e2a483f1c3a8281b52c9ef33b233e07cb39b24edeafce1f812
merged_differs_from_both	gml_Object_obj_room_town_mid_Create_0	171aacfdcfd7afdd3f74612fbb8b3a4fa1f9840762002768a24ed48a5ddc19f6	55ee43a0b21a5892b47a8485b81b61cb4b2acc3e3b40c3d62467497a7dc590c2	c6c6cd4babf1a63e5f90c3fc54eae64600fc7d942b4f1634ac4de148391bdd2c
merged_differs_from_both	gml_Object_obj_round_evaluation_Create_0	abbc4479ebd996e864c97092e7c875020bcda5711128ae87199e39b093dc21e3	c080953309ba40758749f23d70877c13bd5cb311e96c8a3f9f67f531f0bcaf8b	5cca0a1084c55279fe2f6d89ad7e4411ad62f108b390cedaf6e618e20f86353f
merged_differs_from_both	gml_Object_obj_titan_enemy_Step_0	8bc9ecddab7c071a13593fbe5b2ca71279558ebb9b6d3bf158c007a2aad83e67	4ba9782df7967e20bb826007ed56ff61d254619d16ee4fb57ecaf6a99ce9526f	020310138808897eaf7346686e8c4bd65269cff238c686ea243e55d476de10be
merged_differs_from_both	gml_Object_obj_writer_Draw_0	3b42dbb3afdf54d0eed39779a1269a73d7d3f8eed09836b9e5b110e81af5dbd4	17cb44809bc94d05621213d8998029a9d07044a68ffeb527ca8d07f9445e6795	4f99fbf63b8811d815c93fa4de78f2c8e4af4c73f8c091fe5ece3800433bbcca
