merged_differs_from_both	gml_GlobalScript_scr_84_init_localization	87bef6ae3fe44047f63d6576e14259ad9ea4ed9c45907d419136f4b9bfc8972d	29f89e3efcca146f7363e4ae4ff25531808539e78e33364efe87a5c91414f94a	5ed7bb8430a9a834e1227fcfd1fdfc11c2a8da9a76847c14ff6a39933db998f6
merged_differs_from_both	gml_Object_DEVICE_MENU_Create_0	a120c17bb7031523deca74a5c2eef337c5000811890f65562f03fac508e95009	374f2834e793c0432be10ed6835df3ccefdeaf38726d7f951ca485c3c58e7494	d5654550087c89d59354f04e4690631926c62e004aa3b20b5e2b1e53de5a3903
merged_differs_from_both	gml_Object_DEVICE_MENU_Draw_0	b5c6003bf623b509e2ff60c03583cb001a709c0fef160074ff27e1e32c50a32c	c53d8a7cf73b130bd829e0c3223a87e1e7e99b84d4dc47594e4d067a04762fad	4ccd4fad2b26f93b795d2deda24f357181ff4e3bc6087fba389214d630a6a67d
merged_differs_from_both	gml_Object_obj_battlecontroller_Draw_0	f5ece6f86e0f910b15ab5cab40b7c303ca346815ca819c670cb45210abe4f6da	9e48943a68bc62329d594111817e6a818763215729879d0d618810a1a3868d1d	501ff0219157c8a5e1fd6c3925d70e0da62529b99891e7e94d482815695d1c26
merged_differs_from_both	gml_Object_obj_ch3_couch_video_Create_0	99bf926b1d0dd9694ef8d6b1e045ae4ab612809b040f075300628d1d75b103cf	640f23bbea5f573dcf434d36e25b08a2232cc39e4d7facfd3b4c84a729ec627d	4b9925a172eba3974070fb9704e6576851052309eadfb4950973069a967595b3
merged_differs_from_both	gml_Object_obj_chapter_continue_Create_0	13400005cf247b7b90ec43ee9469333ba3b5c5013ba0664927f4909e21d1bf3f	6f46e62d00eec1ff75c950302a43fc9b68cdebdd67427aed979f1a4d349477ec	2de485cac331a0dab54e3892e32a20e834b511eadf069dc07ed3f3ea8422088c
merged_differs_from_both	gml_Object_obj_dbulletcontroller_Step_0	0d2c4a859a24614dc0fa2552675493988a0da25541e088cd14c155a66ac85235	994f073ae33f9ae3f0a58473072dc2357532ac96c6de99f1e65f1ba0b1f6cbd7	d6ca1a61cf20a206fe62d1ee303eb8c0313e3e98767135e3965b4fea4baa0c45
merged_differs_from_both	gml_Object_obj_dw_gameshow_screen_Draw_0	8c78979eca6376f0cae46081f4b8d1ccccaf9cba6bdcad99dc41377118433156	72a4c10c4b53744faf78a56c23b0e664fc425d380811130ba7cb436bdb0802ef	298e081562d9fd48ba0828c2babfe4299b3eb59cba16d6eca54f1f580dd62790
merged_differs_from_both	gml_Object_obj_fusionmenu_Create_0	3d5919592a0e59dd411a9158f6c8def6b0bc23a251249731183572b672ea615a	76928e8e2d7dc781e927b27ba0145e2858f97ecae6c084802c01ba5bd41fb3fa	5b9ee25c0c43917e77e5602809bec96e1c5881d225a162aff679a795979f58a8
merged_differs_from_both	gml_Object_obj_initializer2_Create_0	e1c7a84ca9a4dadf81446685a71cc586f137eccbfdfdd3bef268ce078923f3c0	110d577d07d7b856115cd2f58b7386e10a8ebac0ea21225b0499d84a074c3f47	4fd91b91cb7dafa17018d293be5995406e8408d1319c4a5c42dcf9a96f361a4c
merged_differs_from_both	gml_Object_obj_room_green_room_Create_0	3a33b60fb9b6e16271f0a32cb7b3794a67949ede967d5a70d5cf212cf5e70bb0	4ec7b742f97fbed5f99a2a2cf9e74daaa6c38cde0fcaec21cf41838abedc7ec2	b6fa59e085812187b2ef6dac31601bd2048b4f719abd5e83312273b5fe685843
merged_differs_from_both	gml_Object_obj_round_evaluation_Create_0	d6310c2644138bf0468d1aa6ade6e773345ea353458ed29847825f0255ab0322	35104e5f4078d21a5d5090b7dca20b194ca19b058e8b30085798a1fd91a9ef80	f5eb040252defe49506220cba71071a140963f03737c81ece587256585cffc2f
merged_differs_from_both	gml_Object_obj_rouxls_biplane_flag_Create_0	174afd9ec72253cd4c0a5464cc2d5372d39269e15d6e8f557ec1bbe8afb31cad	eb1df0d3ad3530559dc4a5406e70099145adc4e91467f186f1430e2c5e78317d	ae11fc7a3f376ed6aa159a3a478480a1a6cd01e8b545ded186ea15e6cc0d289e
merged_differs_from_both	gml_Object_obj_writer_Draw_0	35b3f053e4d77a820fee4406d89ec3c0d4afda7ff4b410a9d15a54342e149f1f	a2eb459d8a866e64351ac535684d9704aadba2489322fb2a88d4af8f6130c7da	fc1a747f11b4c2877c3aedb909b00f65601adb9a338d7701fd3a9b0a5defa220
merged_differs_from_both	gml_Object_obj_writer_quiz_Other_10	b9e7ef2452c3feb1c3b2e80f616a455b023cf2c2f346e6667bbf88713f455630	f3678480e150cb04ddd85ac3736ca174f362f548a33a383cdd0359460b29cd99	beea17aa6181a38c6503c35a20544310b0ee8a13626cbdef1d36e74d97d67de6
